"Class","Label","N_OBIA","N_Geom","Mean_OBIA","Mean_Geom","T_statistic","P_value","Significant","max_mean"
"1","Riverbed",7,1335,144476.687596045,20987.0366223524,2.06647427546188,0.0841863823606986,"No",144476.687596045
"2","Plateau",366,1811,306287.885761673,42328.0893260905,18.7461692909365,7.78359455919022e-56,"Yes",306287.885761673
"3","River terrace",2945,11504,350632.229531979,92456.5810590019,3.28052598174173,0.00104471858646446,"Yes",350632.229531979
"4","Footslope",2813,29520,368043.678086579,27623.0304836754,6.44970221362311,1.31354016387929e-10,"Yes",368043.678086579
"5","Steep sloping surface",1311,10130,578749.172197682,94847.2073533608,12.951859743455,2.27338607942363e-36,"Yes",578749.172197682
"6","River valley",267,17568,97268.3350379895,54083.1974460262,5.13635585939118,3.0490153510331e-07,"Yes",97268.3350379895
"7","Gently sloping surface",302,22530,8938220.35020209,62074.4312827132,1.0448817390163,0.296916025073941,"No",8938220.35020209
"8","Alluvial fan",356,24989,300345.150764422,18966.3862713669,13.0113182053075,6.37978769018202e-32,"Yes",300345.150764422
